product,total_sales,avg_sales,count
Doohickey,8765.15,257.7985294117647,34
Gadget,6749.04,249.96444444444444,27
Widget,9465.77,270.45057142857144,35
